12683,actualizadb2.sh,20181211000209,20181211000210,00:00:01,129,2
12725,actualizadb2.sh,20181211000217,20181211000217,00:00:00,137,1
12767,actualizadb2.sh,20181211000225,20181211000226,00:00:01,145,2
12867,bloquerDistr.sh,20181211000522,20181211000612,00:00:50,322,51
13201,ts_analyseDistr.sh,20181211000619,20181211000741,00:01:22,379,83
13801,bloquerDistr.sh,20181211001818,20181211001857,00:00:39,1098,40
14121,ts_analyseDistr.sh,20181211001904,20181211161918,16:00:14,1144,57615
14537,bloquerDistr.sh,20181211002151,20181211002232,00:00:41,1311,42
14858,ts_analyseDistr.sh,20181211002238,20181211002323,00:00:45,1358,46
15350,bloquerDistr.sh,20181211002553,20181211002735,00:01:42,1553,103
15681,ts_analyseDistr.sh,20181211002745,20181211003020,00:02:35,1665,156
22147,ts_analyseDistr.sh,20181211072732,20181211072836,00:01:04,26852,65
23043,ts_analyse.sh,20181211075611,20181211075656,00:00:45,28571,46
23351,ts_analyse.sh,20181211075810,20181211075856,00:00:46,28690,47
23716,ts_analyse.sh,20181211080204,20181211080247,00:00:43,28924,44
24076,ts_analyse.sh,20181211080817,20181211080937,00:01:20,29297,81
24280,ts_delPgm.sh,20181211080848,20181211080848,00:00:00,29328,1
24470,ts_analyse.sh,20181211081358,20181211081522,00:01:24,29638,85
24683,ts_delPgm.sh,20181211081429,20181211081429,00:00:00,29669,1
24841,ts_analyse.sh,20181211081641,20181211081744,00:01:03,29801,64
25078,ts_delPgm.sh,20181211081712,20181211081712,00:00:00,29832,1
25321,ts_analyse.sh,20181211082846,20181211083012,00:01:26,30526,87
25537,ts_analyse.sh,20181211082918,20181211083015,00:00:57,30558,58
25816,ts_delPgm.sh,20181211082949,20181211082949,00:00:00,30589,1
26047,ts_analyse.sh,20181211083651,20181211083740,00:00:49,31011,50
26403,bloquerDistr.sh,20181211084137,20181211084413,00:02:36,31297,157
26746,ts_analyseDistr.sh,20181211084414,20181211084859,00:04:45,31454,286
27456,bloquerDistr.sh,20181211085340,20181211085420,00:00:40,32020,41
27724,ts_analyse.sh,20181211085410,20181211085658,00:02:48,32050,169
27984,ts_analyseDistr.sh,20181211085427,20181211085500,00:00:33,32067,34
28347,bloquerDistr.sh,20181211085605,20181211085641,00:00:36,32165,37
28689,ts_analyseDistr.sh,20181211085644,20181211085709,00:00:25,32204,26
29040,ts_analyse.sh,20181211085843,20181211085924,00:00:41,32323,42
29405,bloquerDistr.sh,20181211090229,20181211090313,00:00:44,32549,45
29726,ts_analyseDistr.sh,20181211090315,20181211090414,00:00:59,32595,60
30255,bloquerDistr.sh,20181211090430,20181211090537,00:01:07,32670,68
30581,ts_analyseDistr.sh,20181211090538,20181211090706,00:01:28,32738,89
30801,ts_analyse.sh,20181211090547,20181211090634,00:00:47,32747,48
31489,bloquerDistr.sh,20181211091236,20181211091448,00:02:12,33156,133
31821,ts_analyseDistr.sh,20181211091457,20181211091844,00:03:47,33297,228
32069,ts_analyse.sh,20181211091623,20181211091711,00:00:48,33383,49
32246,bloquerDistr.sh,20181211091627,20181211091907,00:02:40,33387,161
32557,bloquerDistr.sh,20181211091650,20181211091835,00:01:45,33410,106
839,ts_analyseDistr.sh,20181211091841,20181211092051,00:02:10,33521,131
1153,ts_analyseDistr.sh,20181211091918,20181211092258,00:03:40,33558,221
2242,ts_analyse.sh,20181211094143,20181211094255,00:01:12,34903,73
2512,bloquerDistr.sh,20181211094248,20181211094339,00:00:51,34968,52
2785,ts_addCopy.sh,20181211094307,20181211094307,00:00:00,34987,1
2910,ts_analyseDistr.sh,20181211094345,20181211094501,00:01:16,35025,77
3091,bloquerDistr.sh,20181211094348,20181211094444,00:00:56,35028,57
3397,ts_addCopy.sh,20181211094419,20181211094419,00:00:00,35059,1
3707,bloquerDistr.sh,20181211094447,20181211094545,00:00:58,35087,59
3824,ts_delCopy.sh,20181211094450,20181211094450,00:00:00,35090,1
3898,ts_analyseDistr.sh,20181211094456,20181211094609,00:01:13,35096,74
4296,ts_addCopy.sh,20181211094519,20181211094519,00:00:00,35119,1
4649,ts_analyseDistr.sh,20181211094555,20181211094649,00:00:54,35155,55
4958,ts_delCopy.sh,20181211094619,20181211094619,00:00:00,35179,1
5152,ts_analyse.sh,20181211095004,20181211095050,00:00:46,35404,47
5451,ts_analyse.sh,20181211095131,20181211095212,00:00:41,35491,42
5720,ts_analyse.sh,20181211095203,20181211130954,03:17:51,35523,11872
5953,ts_delPgm.sh,20181211095235,20181211095235,00:00:00,35555,1
5993,ts_analyse.sh,20181211095238,20181211095330,00:00:52,35558,53
6382,bloquerDistr.sh,20181211095434,20181211095516,00:00:42,35674,43
6587,ts_analyse.sh,20181211095443,20181211095531,00:00:48,35683,49
6979,ts_analyseDistr.sh,20181211095520,20181211095604,00:00:44,35720,45
7241,ts_analyse.sh,20181211095552,20181211095703,00:01:11,35752,72
7527,ts_analyse.sh,20181211095624,20181211095716,00:00:52,35784,53
7875,ts_delPgm.sh,20181211095712,20181211095712,00:00:00,35832,1
7916,ts_analyse.sh,20181211095714,20181211095755,00:00:41,35834,42
8204,ts_analyse.sh,20181211095747,20181211095836,00:00:49,35867,50
8502,ts_analyse.sh,20181211095819,20181211095846,00:00:27,35899,28
8851,ts_analyse.sh,20181211100152,20181211100235,00:00:43,36112,44
9127,bloquerDistr.sh,20181211100234,20181211100346,00:01:12,36154,73
9419,bloquerDistr.sh,20181211100330,20181211100416,00:00:46,36210,47
9603,bloquerDistr.sh,20181211100338,20181211100420,00:00:42,36218,43
9985,ts_analyseDistr.sh,20181211100356,20181211100513,00:01:17,36236,78
10097,ts_analyse.sh,20181211100406,20181211100528,00:01:22,36246,83
10454,ts_analyseDistr.sh,20181211100417,20181211100521,00:01:04,36257,65
10696,ts_analyseDistr.sh,20181211100425,20181211100634,00:02:09,36265,130
10903,ts_delPgm.sh,20181211100439,20181211100442,00:00:03,36279,4
11518,bloquerDistr.sh,20181211100726,20181211100839,00:01:13,36446,74
11788,bloquerDistr.sh,20181211100818,20181211100943,00:01:25,36498,86
12069,ts_analyseDistr.sh,20181211100847,20181211101231,00:03:44,36527,225
12223,ts_analyse.sh,20181211100853,20181211100938,00:00:45,36533,46
12657,ts_analyseDistr.sh,20181211100955,20181211101325,00:03:30,36595,211
13037,bloquerDistr.sh,20181211101152,20181211101230,00:00:38,36712,39
13157,bloquerDistr.sh,20181211101153,20181211101233,00:00:40,36713,41
13731,ts_analyseDistr.sh,20181211101231,20181211101347,00:01:16,36751,77
13985,ts_analyseDistr.sh,20181211101240,20181211101414,00:01:34,36760,95
14188,bloquerDistr.sh,20181211101245,20181211101328,00:00:43,36765,44
14796,ts_analyseDistr.sh,20181211101332,20181211101353,00:00:21,36812,22
15171,bloquerDistr.sh,20181211101349,20181211101428,00:00:39,36829,40
15646,ts_analyseDistr.sh,20181211101428,20181211101506,00:00:38,36868,39
15962,bloquerDistr.sh,20181211101537,20181211101632,00:00:55,36937,56
16138,bloquerDistr.sh,20181211101547,20181211101625,00:00:38,36947,39
16551,ts_analyseDistr.sh,20181211101626,20181211101740,00:01:14,36986,75
16809,ts_analyseDistr.sh,20181211101633,20181211101807,00:01:34,36993,95
17071,bloquerDistr.sh,20181211101659,20181211101735,00:00:36,37019,37
17477,ts_analyseDistr.sh,20181211101738,20181211101801,00:00:23,37058,24
17996,bloquerDistr.sh,20181211101851,20181211101952,00:01:01,37131,62
18317,ts_analyseDistr.sh,20181211101958,20181211102056,00:00:58,37198,59
18508,bloquerDistr.sh,20181211102016,20181211102058,00:00:42,37216,43
18970,ts_analyseDistr.sh,20181211102103,20181211102251,00:01:48,37263,109
19254,ts_analyse.sh,20181211102130,20181211102304,00:01:34,37290,95
19517,bloquerDistr.sh,20181211102159,20181211102347,00:01:48,37319,109
19619,ts_delPgm.sh,20181211102202,20181211102202,00:00:00,37322,1
19661,ts_analyse.sh,20181211102203,20181211102316,00:01:13,37323,74
20038,bloquerDistr.sh,20181211102231,20181211102416,00:01:45,37351,106
20157,ts_delPgm.sh,20181211102235,20181211102235,00:00:00,37355,1
20534,bloquerDistr.sh,20181211102255,20181211102340,00:00:45,37375,46
20975,ts_addCopy.sh,20181211102323,20181211102323,00:00:00,37403,1
21101,ts_analyseDistr.sh,20181211102342,20181211102430,00:00:48,37422,49
21357,ts_analyseDistr.sh,20181211102351,20181211102401,00:00:10,37431,11
21778,ts_analyseDistr.sh,20181211102422,20181211102433,00:00:11,37462,12
22351,bloquerDistr.sh,20181211102605,20181211102610,00:00:05,37565,6
22634,bloquerDistr.sh,20181211102743,20181211102747,00:00:04,37663,5
22764,ts_delPgm.sh,20181211102817,20181211102818,00:00:01,37697,2
22869,bloquerDistr.sh,20181211103357,20181211103620,00:02:23,38037,144
23227,ts_analyseDistr.sh,20181211103633,20181211104010,00:03:37,38193,218
23605,ts_analyse.sh,20181211103913,20181211104006,00:00:53,38353,54
23962,bloquerDistr.sh,20181211103955,20181211104057,00:01:02,38395,63
24413,ts_analyseDistr.sh,20181211104102,20181211104224,00:01:22,38462,83
24620,ts_analyse.sh,20181211104131,20181211104217,00:00:46,38491,47
24983,ts_delPgm.sh,20181211104215,20181211104215,00:00:00,38535,1
25193,bloquerDistr.sh,20181211104855,20181211104857,00:00:02,38935,3
25459,ts_addCopy.sh,20181211104915,20181211104915,00:00:00,38955,1
25502,bloquerDistr.sh,20181211104915,20181211104922,00:00:07,38955,8
25656,ts_analyse.sh,20181211105034,20181211105326,00:02:52,39034,173
25843,ts_analyse.sh,20181211105148,20181211162403,05:32:15,39108,19936
26042,ts_addCopy.sh,20181211105230,20181211105230,00:00:00,39150,1
26290,bloquerDistr.sh,20181211105406,20181211105449,00:00:43,39246,44
26522,bloquerDistr.sh,20181211105420,20181211105423,00:00:03,39260,4
26725,ts_analyseDistr.sh,20181211105453,20181211105842,00:03:49,39293,230
26881,bloquerDistr.sh,20181211105609,20181211105613,00:00:04,39369,5
27590,ts_analyse.sh,20181211110917,20181211111006,00:00:49,40157,50
27897,ts_analyse.sh,20181211111018,20181211111114,00:00:56,40218,57
28225,ts_analyse.sh,20181211111315,20181211111359,00:00:44,40395,45
28482,ts_delPgm.sh,20181211111350,20181211111350,00:00:00,40430,1
28657,ts_analyse.sh,20181211112017,20181211112111,00:00:54,40817,55
28917,ts_analyse.sh,20181211112055,20181211112145,00:00:50,40855,51
29212,ts_delPgm.sh,20181211112129,20181211112129,00:00:00,40889,1
29343,bloquerDistr.sh,20181211112638,20181211112847,00:02:09,41198,130
29609,bloquerDistr.sh,20181211112800,20181211112854,00:00:54,41280,55
29978,ts_analyseDistr.sh,20181211112856,20181211113026,00:01:30,41336,91
30106,ts_analyseDistr.sh,20181211112859,20181211113345,00:04:46,41339,287
30406,bloquerDistr.sh,20181211112918,20181211113016,00:00:58,41358,59
30529,bloquerDistr.sh,20181211112923,20181211113033,00:01:10,41363,71
31295,ts_analyse.sh,20181211113025,20181211113211,00:01:46,41425,107
31431,ts_analyseDistr.sh,20181211113026,20181211113221,00:01:55,41426,116
31773,ts_analyseDistr.sh,20181211113044,20181211113328,00:02:44,41444,165
31872,bloquerDistr.sh,20181211113054,20181211113251,00:01:57,41454,118
32376,ts_analyse.sh,20181211113132,20181211113238,00:01:06,41492,67
787,ts_analyseDistr.sh,20181211113300,20181211120417,00:31:17,41580,1878
1676,bloquerDistr.sh,20181211113930,20181211114008,00:00:38,41970,39
1906,bloquerDistr.sh,20181211113944,20181211114027,00:00:43,41984,44
2297,ts_analyseDistr.sh,20181211114009,20181211114118,00:01:09,42009,70
2477,ts_analyse.sh,20181211114013,20181211114116,00:01:03,42013,64
2788,ts_analyseDistr.sh,20181211114031,20181211114118,00:00:47,42031,48
3092,bloquerDistr.sh,20181211114047,20181211114132,00:00:45,42047,46
3213,bloquerDistr.sh,20181211114049,20181211114312,00:02:23,42049,144
3777,ts_analyseDistr.sh,20181211114134,20181211114244,00:01:10,42094,71
4316,ts_analyse.sh,20181211114311,20181211114455,00:01:44,42191,105
4511,ts_analyseDistr.sh,20181211114325,20181211115318,00:09:53,42205,594
4871,bloquerDistr.sh,20181211114610,20181211114852,00:02:42,42370,163
5051,ts_analyse.sh,20181211114636,20181211114955,00:03:19,42396,200
5329,bloquerDistr.sh,20181211114801,20181211114804,00:00:03,42481,4
5596,ts_analyseDistr.sh,20181211114902,20181211115046,00:01:44,42542,105
5773,ts_analyse.sh,20181211114906,20181211115055,00:01:49,42546,110
6042,ts_analyse.sh,20181211114955,20181211115104,00:01:09,42595,70
6574,bloquerDistr.sh,20181211115200,20181211115242,00:00:42,42720,43
7108,ts_analyseDistr.sh,20181211115247,20181211115414,00:01:27,42767,88
7488,bloquerDistr.sh,20181211115312,20181211115349,00:00:37,42792,38
7727,ts_analyse.sh,20181211115322,20181211115413,00:00:51,42802,52
8096,ts_analyseDistr.sh,20181211115351,20181211115418,00:00:27,42831,28
8561,bloquerDistr.sh,20181211115522,20181211115600,00:00:38,42922,39
8883,ts_analyseDistr.sh,20181211115601,20181211115724,00:01:23,42961,84
9357,bloquerDistr.sh,20181211115855,20181211120050,00:01:55,43135,116
9459,ts_analyse.sh,20181211115859,20181211115946,00:00:47,43139,48
9834,bloquerDistr.sh,20181211115929,20181211120007,00:00:38,43169,39
10009,ts_delPgm.sh,20181211115933,20181211115933,00:00:00,43173,1
10279,ts_analyseDistr.sh,20181211120008,20181211120040,00:00:32,43208,33
10723,ts_analyseDistr.sh,20181211120101,20181211120424,00:03:23,43261,204
11214,ts_delCopy.sh,20181211120305,20181211120305,00:00:00,43385,1
11443,bloquerDistr.sh,20181211120430,20181211120514,00:00:44,43470,45
11627,ts_analyse.sh,20181211120438,20181211120522,00:00:44,43478,45
12037,ts_analyseDistr.sh,20181211120517,20181211120558,00:00:41,43517,42
12378,bloquerDistr.sh,20181211120628,20181211120738,00:01:10,43588,71
12649,bloquerDistr.sh,20181211120733,20181211120834,00:01:01,43653,62
12886,ts_analyseDistr.sh,20181211120750,20181211123930,00:31:40,43670,1901
12980,ts_analyse.sh,20181211120752,20181211162349,04:15:57,43672,15358
13331,bloquerDistr.sh,20181211120809,20181211120810,00:00:01,43689,2
13746,ts_analyseDistr.sh,20181211120840,20181211120843,00:00:03,43720,4
13953,bloquerDistr.sh,20181211120855,20181211120856,00:00:01,43735,2
14381,bloquerDistr.sh,20181211121029,20181211121339,00:03:10,43829,191
14567,ts_analyseDistr.sh,20181211121047,20181211121606,00:05:19,43847,320
14813,ts_analyse.sh,20181211121142,20181211121339,00:01:57,43902,118
15373,ts_analyseDistr.sh,20181211121351,20181211121810,00:04:19,44031,260
15661,bloquerDistr.sh,20181211121424,20181211122002,00:05:38,44064,339
16472,ts_analyseDistr.sh,20181211122015,20181211122649,00:06:34,44415,395
16700,bloquerDistr.sh,20181211122115,20181211122244,00:01:29,44475,90
17016,bloquerDistr.sh,20181211122246,20181211122451,00:02:05,44566,126
17192,ts_analyseDistr.sh,20181211122251,20181211122654,00:04:03,44571,244
17468,bloquerDistr.sh,20181211122317,20181211122457,00:01:40,44597,101
18089,bloquerDistr.sh,20181211122557,20181211122643,00:00:46,44757,47
18620,ts_analyseDistr.sh,20181211122649,20181211123104,00:04:15,44809,256
18756,ts_analyseDistr.sh,20181211122654,20181211122907,00:02:13,44814,134
19027,bloquerDistr.sh,20181211122712,20181211122856,00:01:44,44832,105
19877,ts_analyse.sh,20181211122907,20181211122959,00:00:52,44947,53
20028,bloquerDistr.sh,20181211122908,20181211123036,00:01:28,44948,89
20332,bloquerDistr.sh,20181211122925,20181211123044,00:01:19,44965,80
20688,ts_analyseDistr.sh,20181211122959,20181211123113,00:01:14,44999,75
20996,bloquerDistr.sh,20181211123018,20181211123057,00:00:39,45018,40
21624,ts_analyseDistr.sh,20181211123104,20181211130233,00:31:29,45064,1890
21866,ts_analyseDistr.sh,20181211123113,20181211123438,00:03:25,45073,206
22551,bloquerDistr.sh,20181211123248,20181211123342,00:00:54,45168,55
23176,ts_analyseDistr.sh,20181211123438,20181211123640,00:02:02,45278,123
23439,bloquerDistr.sh,20181211123549,20181211123902,00:03:13,45349,194
23915,ts_analyseDistr.sh,20181211123640,20181211123711,00:00:31,45400,32
24231,ts_analyseDistr.sh,20181211123711,20181211123811,00:01:00,45431,61
24742,bloquerDistr.sh,20181211123807,20181211124328,00:05:21,45487,322
25056,ts_analyseDistr.sh,20181211123911,20181211124457,00:05:46,45551,347
25413,ts_analyse.sh,20181211124137,20181211124223,00:00:46,45697,47
25630,bloquerDistr.sh,20181211124149,20181211124237,00:00:48,45709,49
26204,ts_analyseDistr.sh,20181211124245,20181211124337,00:00:52,45765,53
26485,bloquerDistr.sh,20181211124317,20181211124538,00:02:21,45797,142
26888,ts_analyse.sh,20181211124337,20181211124658,00:03:21,45817,202
27255,bloquerDistr.sh,20181211124433,20181211124525,00:00:52,45873,53
27477,bloquerDistr.sh,20181211124441,20181211124622,00:01:41,45881,102
27748,ts_analyseDistr.sh,20181211124457,20181211125125,00:06:28,45897,389
28354,bloquerDistr.sh,20181211124657,20181211124745,00:00:48,46017,49
28449,ts_analyseDistr.sh,20181211124658,20181211124744,00:00:46,46018,47
28852,bloquerDistr.sh,20181211124732,20181211124915,00:01:43,46052,104
29036,ts_analyseDistr.sh,20181211124744,20181211125745,00:10:01,46064,602
29367,bloquerDistr.sh,20181211124758,20181211124934,00:01:36,46078,97
29897,bloquerDistr.sh,20181211124950,20181211125045,00:00:55,46190,56
30462,ts_analyseDistr.sh,20181211125125,20181211125312,00:01:47,46285,108
30774,bloquerDistr.sh,20181211125237,20181211125418,00:01:41,46357,102
31136,ts_analyseDistr.sh,20181211125312,20181211125445,00:01:33,46392,94
31699,ts_analyseDistr.sh,20181211125445,20181211125842,00:03:57,46485,238
31817,bloquerDistr.sh,20181211125456,20181211125710,00:02:14,46496,135
32673,ts_analyseDistr.sh,20181211125745,20181211132929,00:31:44,46665,1905
487,bloquerDistr.sh,20181211125813,20181211130031,00:02:18,46693,139
818,ts_analyseDistr.sh,20181211125842,20181211130016,00:01:34,46722,95
1603,bloquerDistr.sh,20181211130001,20181211130048,00:00:47,46801,48
1913,ts_analyse.sh,20181211130016,20181211130116,00:01:00,46816,61
2279,bloquerDistr.sh,20181211130036,20181211130204,00:01:28,46836,89
2733,ts_analyseDistr.sh,20181211130116,20181211130301,00:01:45,46876,106
3217,ts_analyse.sh,20181211130233,20181211130321,00:00:48,46953,49
3582,ts_analyseDistr.sh,20181211130301,20181211130549,00:02:48,46981,169
3805,ts_addCopy.sh,20181211130321,20181211130321,00:00:00,47001,1
3823,ts_addCopy.sh,20181211130321,20181211130321,00:00:00,47001,1
3842,ts_analyseDistr.sh,20181211130321,20181211130611,00:02:50,47001,171
4050,bloquerDistr.sh,20181211130343,20181211130509,00:01:26,47023,87
4291,bloquerDistr.sh,20181211130414,20181211130511,00:00:57,47054,58
4548,bloquerDistr.sh,20181211130434,20181211154033,02:35:59,47074,9360
5383,ts_analyseDistr.sh,20181211130549,20181211130712,00:01:23,47149,84
6276,ts_analyseDistr.sh,20181211130712,20181211130824,00:01:12,47232,73
6741,ts_analyseDistr.sh,20181211130824,20181211130859,00:00:35,47304,36
7047,ts_analyseDistr.sh,20181211130859,20181211131031,00:01:32,47339,93
7287,bloquerDistr.sh,20181211130935,20181211131016,00:00:41,47375,42
7593,ts_delPgm.sh,20181211130954,20181211130954,00:00:00,47394,1
7608,ts_analyseDistr.sh,20181211130954,20181211131410,00:04:16,47394,257
7982,ts_analyse.sh,20181211131031,20181211131203,00:01:32,47431,93
8165,bloquerDistr.sh,20181211131039,20181211131234,00:01:55,47439,116
8611,ts_analyseDistr.sh,20181211131203,20181211131340,00:01:37,47523,98
9311,ts_analyse.sh,20181211131340,20181211131508,00:01:28,47620,89
9574,ts_analyseDistr.sh,20181211131410,20181211131807,00:03:57,47650,238
9877,bloquerDistr.sh,20181211131520,20181211131713,00:01:53,47720,114
10156,bloquerDistr.sh,20181211131632,20181211131719,00:00:47,47792,48
10361,bloquerDistr.sh,20181211131642,20181211131800,00:01:18,47802,79
10781,ts_analyseDistr.sh,20181211131719,20181211131814,00:00:55,47839,56
11332,ts_analyseDistr.sh,20181211131807,20181211132037,00:02:30,47887,151
11500,ts_analyse.sh,20181211131814,20181211131917,00:01:03,47894,64
11989,ts_analyseDistr.sh,20181211131917,20181211132047,00:01:30,47957,91
12587,ts_delPgm.sh,20181211132037,20181211132038,00:00:01,48037,2
12604,ts_analyse.sh,20181211132038,20181211132134,00:00:56,48038,57
12834,ts_delPgm.sh,20181211132047,20181211132047,00:00:00,48047,1
12850,ts_analyse.sh,20181211132047,20181211132143,00:00:56,48047,57
13309,ts_analyse.sh,20181211132134,20181211132240,00:01:06,48094,67
13601,ts_delPgm.sh,20181211132143,20181211132143,00:00:00,48103,1
13618,ts_delPgm.sh,20181211132143,20181211132143,00:00:00,48103,1
13751,bloquerDistr.sh,20181211132247,20181211132358,00:01:11,48167,72
14109,ts_analyseDistr.sh,20181211132408,20181211132530,00:01:22,48248,83
14316,ts_addCopy.sh,20181211132424,20181211132424,00:00:00,48264,1
14396,bloquerDistr.sh,20181211132509,20181211132554,00:00:45,48309,46
14790,ts_analyseDistr.sh,20181211132555,20181211132656,00:01:01,48355,62
15007,bloquerDistr.sh,20181211132618,20181211132707,00:00:49,48378,50
15125,bloquerDistr.sh,20181211132621,20181211133216,00:05:55,48381,356
15594,bloquerDistr.sh,20181211132652,20181211132858,00:02:06,48412,127
15906,ts_analyseDistr.sh,20181211132715,20181211132924,00:02:09,48435,130
16306,bloquerDistr.sh,20181211132838,20181211132916,00:00:38,48518,39
16648,ts_analyseDistr.sh,20181211132859,20181211133934,00:10:35,48539,636
17032,ts_analyseDistr.sh,20181211132924,20181211133042,00:01:18,48564,79
17293,ts_analyse.sh,20181211132941,20181211133037,00:00:56,48581,57
17632,bloquerDistr.sh,20181211133017,20181211133143,00:01:26,48617,87
17730,bloquerDistr.sh,20181211133020,20181211133149,00:01:29,48620,90
18117,ts_analyseDistr.sh,20181211133037,20181211133549,00:05:12,48637,313
18528,ts_analyse.sh,20181211133123,20181211133211,00:00:48,48683,49
18993,ts_analyseDistr.sh,20181211133211,20181211135630,00:24:19,48731,1460
19541,bloquerDistr.sh,20181211133331,20181211133417,00:00:46,48811,47
19766,bloquerDistr.sh,20181211133336,20181211134003,00:06:27,48816,388
20429,ts_analyseDistr.sh,20181211133549,20181211133933,00:03:44,48949,225
21126,bloquerDistr.sh,20181211133825,20181211133903,00:00:38,49105,39
21779,ts_analyseDistr.sh,20181211133933,20181211134627,00:06:54,49173,415
21880,ts_analyse.sh,20181211133934,20181211134027,00:00:53,49174,54
22073,bloquerDistr.sh,20181211133937,20181211134018,00:00:41,49177,42
22569,bloquerDistr.sh,20181211134004,20181211134157,00:01:53,49204,114
22925,ts_analyseDistr.sh,20181211134027,20181211134200,00:01:33,49227,94
23422,bloquerDistr.sh,20181211134150,20181211134228,00:00:38,49310,39
23697,ts_analyse.sh,20181211134200,20181211134252,00:00:52,49320,53
24128,ts_analyse.sh,20181211134252,20181211134350,00:00:58,49372,59
24342,bloquerDistr.sh,20181211134302,20181211134459,00:01:57,49382,118
24658,ts_analyse.sh,20181211134350,20181211134437,00:00:47,49430,48
24899,bloquerDistr.sh,20181211134411,20181211134550,00:01:39,49451,100
25168,ts_delPgm.sh,20181211134437,20181211134438,00:00:01,49477,2
25192,ts_delPgm.sh,20181211134438,20181211134438,00:00:00,49478,1
25210,ts_analyse.sh,20181211134438,20181211134527,00:00:49,49478,50
25728,ts_analyseDistr.sh,20181211134527,20181211134556,00:00:29,49527,30
26123,ts_delPgm.sh,20181211134556,20181211134556,00:00:00,49556,1
26139,ts_analyse.sh,20181211134556,20181211134720,00:01:24,49556,85
26474,bloquerDistr.sh,20181211134625,20181211134710,00:00:45,49585,46
26589,ts_analyseDistr.sh,20181211134627,20181211135246,00:06:19,49587,380
27090,ts_analyseDistr.sh,20181211134720,20181211134842,00:01:22,49640,83
27367,bloquerDistr.sh,20181211134820,20181211134931,00:01:11,49700,72
27465,bloquerDistr.sh,20181211134823,20181211135011,00:01:48,49703,109
27867,ts_delPgm.sh,20181211134842,20181211134843,00:00:01,49722,2
27884,ts_analyseDistr.sh,20181211134843,20181211135119,00:02:36,49723,157
28637,ts_analyseDistr.sh,20181211135119,20181211135144,00:00:25,49879,26
28964,ts_analyseDistr.sh,20181211135144,20181211135428,00:02:44,49904,165
29319,bloquerDistr.sh,20181211135235,20181211135406,00:01:31,49955,92
29501,ts_analyseDistr.sh,20181211135246,20181211135701,00:04:15,49966,256
29793,bloquerDistr.sh,20181211135311,20181211140106,00:07:55,49991,476
30309,ts_analyseDistr.sh,20181211135428,20181211135704,00:02:36,50068,157
30600,bloquerDistr.sh,20181211135504,20181211135631,00:01:27,50104,88
31020,bloquerDistr.sh,20181211135541,20181211135637,00:00:56,50141,57
31389,ts_analyseDistr.sh,20181211135630,20181211135822,00:01:52,50190,113
31830,ts_analyseDistr.sh,20181211135701,20181211140001,00:03:00,50221,181
31956,ts_analyseDistr.sh,20181211135704,20181211135903,00:01:59,50224,120
32570,bloquerDistr.sh,20181211135822,20181211135954,00:01:32,50302,93
32660,ts_analyseDistr.sh,20181211135822,20181211140117,00:02:55,50302,176
695,ts_analyseDistr.sh,20181211135903,20181211140336,00:04:33,50343,274
1255,ts_analyse.sh,20181211140001,20181211140127,00:01:26,50401,87
1701,ts_delPgm.sh,20181211140117,20181211140117,00:00:00,50477,1
2254,ts_analyse.sh,20181211140723,20181211140839,00:01:16,50843,77
2520,ts_delPgm.sh,20181211140819,20181211140820,00:00:01,50899,2
2592,ts_addCopy.sh,20181211140850,20181211140850,00:00:00,50930,1
2644,ts_analyse.sh,20181211140928,20181211141213,00:02:45,50968,166
2956,ts_analyse.sh,20181211141203,20181211141250,00:00:47,51123,48
3338,ts_analyse.sh,20181211141638,20181211141724,00:00:46,51398,47
3633,ts_delPgm.sh,20181211141731,20181211141731,00:00:00,51451,1
3681,ts_analyse.sh,20181211141754,20181211141845,00:00:51,51474,52
4038,ts_delPgm.sh,20181211141852,20181211141852,00:00:00,51532,1
4079,ts_analyse.sh,20181211141859,20181211142015,00:01:16,51539,77
4364,ts_delPgm.sh,20181211142005,20181211142005,00:00:00,51605,1
4495,ts_analyse.sh,20181211142018,20181211142130,00:01:12,51618,73
4760,ts_delPgm.sh,20181211142055,20181211142056,00:00:01,51655,2
4803,ts_analyse.sh,20181211142059,20181211142211,00:01:12,51659,73
5160,ts_delPgm.sh,20181211142132,20181211142132,00:00:00,51692,1
5262,ts_analyse.sh,20181211142456,20181211142539,00:00:43,51896,44
5544,ts_addCopy.sh,20181211142533,20181211142533,00:00:00,51933,1
5654,ts_analyse.sh,20181211142807,20181211142910,00:01:03,52087,64
5858,ts_delPgm.sh,20181211142840,20181211142840,00:00:00,52120,1
5926,ts_analyse.sh,20181211142847,20181211142933,00:00:46,52127,47
6248,ts_delPgm.sh,20181211142924,20181211142924,00:00:00,52164,1
6364,ts_analyse.sh,20181211143240,20181211143335,00:00:55,52360,56
6630,ts_delPgm.sh,20181211143323,20181211143323,00:00:00,52403,1
6721,bloquerDistr.sh,20181211143558,20181211143636,00:00:38,52558,39
6999,bloquerDistr.sh,20181211143614,20181211143651,00:00:37,52574,38
7311,ts_analyseDistr.sh,20181211143637,20181211143759,00:01:22,52597,83
7569,ts_analyseDistr.sh,20181211143653,20181211143835,00:01:42,52613,103
7989,bloquerDistr.sh,20181211143747,20181211143829,00:00:42,52667,43
8470,ts_analyseDistr.sh,20181211143833,20181211143902,00:00:29,52713,30
8825,bloquerDistr.sh,20181211143926,20181211144148,00:02:22,52766,143
9030,ts_addCopy.sh,20181211143940,20181211143940,00:00:00,52780,1
9074,bloquerDistr.sh,20181211143959,20181211144044,00:00:45,52799,46
9438,ts_analyseDistr.sh,20181211144046,20181211144130,00:00:44,52846,45
9736,bloquerDistr.sh,20181211144122,20181211144202,00:00:40,52882,41
10148,ts_analyseDistr.sh,20181211144203,20181211144559,00:03:56,52923,237
10325,ts_analyseDistr.sh,20181211144209,20181211144301,00:00:52,52929,53
10592,bloquerDistr.sh,20181211144233,20181211144317,00:00:44,52953,45
11076,bloquerDistr.sh,20181211144310,20181211144602,00:02:52,52990,173
11304,ts_analyseDistr.sh,20181211144320,20181211144358,00:00:38,53000,39
11696,ts_analyse.sh,20181211144418,20181211144512,00:00:54,53058,55
12003,ts_analyse.sh,20181211144454,20181211144544,00:00:50,53094,51
12677,ts_analyseDistr.sh,20181211144617,20181211145107,00:04:50,53177,291
12927,ts_analyse.sh,20181211144822,20181211144923,00:01:01,53302,62
13248,ts_delPgm.sh,20181211144900,20181211144900,00:00:00,53340,1
13477,bloquerDistr.sh,20181211145010,20181211145048,00:00:38,53410,39
13991,ts_analyseDistr.sh,20181211145056,20181211145126,00:00:30,53456,31
14255,bloquerDistr.sh,20181211145112,20181211145157,00:00:45,53472,46
14662,ts_analyseDistr.sh,20181211145159,20181211145401,00:02:02,53519,123
15021,bloquerDistr.sh,20181211145234,20181211145348,00:01:14,53554,75
15341,ts_analyse.sh,20181211145305,20181211145401,00:00:56,53585,57
15615,ts_analyse.sh,20181211145344,20181211145440,00:00:56,53624,57
15989,ts_analyseDistr.sh,20181211145401,20181211152553,00:31:52,53641,1913
16276,ts_delPgm.sh,20181211145421,20181211145422,00:00:01,53661,2
16313,ts_delPgm.sh,20181211145431,20181211145431,00:00:00,53671,1
16355,ts_analyse.sh,20181211145439,20181211145538,00:00:59,53679,60
16940,ts_delPgm.sh,20181211145519,20181211182226,03:27:07,53719,12428
17022,bloquerDistr.sh,20181211145543,20181211145722,00:01:39,53743,100
17090,bloquerDistr.sh,20181211145543,20181211145635,00:00:52,53743,53
17294,bloquerDistr.sh,20181211145548,20181211145634,00:00:46,53748,47
17756,bloquerDistr.sh,20181211145618,20181211145700,00:00:42,53778,43
18160,ts_analyseDistr.sh,20181211145635,20181211145708,00:00:33,53795,34
18346,ts_analyseDistr.sh,20181211145640,20181211145819,00:01:39,53800,100
18790,ts_delCopy.sh,20181211145708,20181211145708,00:00:00,53828,1
18806,ts_analyseDistr.sh,20181211145708,20181211145733,00:00:25,53828,26
19356,ts_analyseDistr.sh,20181211145735,20181211150232,00:04:57,53855,298
19742,bloquerDistr.sh,20181211145827,20181211145946,00:01:19,53907,80
19840,ts_addCopy.sh,20181211145833,20181211145833,00:00:00,53913,1
19991,bloquerDistr.sh,20181211145847,20181211162921,01:30:34,53927,5435
20381,ts_analyseDistr.sh,20181211145943,20181211150116,00:01:33,53983,94
21115,ts_analyseDistr.sh,20181211150116,20181211153235,00:31:19,54076,1880
21809,ts_addCopy.sh,20181211150232,20181211150232,00:00:00,54152,1
21827,ts_delCopy.sh,20181211150232,20181211150232,00:00:00,54152,1
21842,ts_analyse.sh,20181211150232,20181211150331,00:00:59,54152,60
22158,ts_analyse.sh,20181211150331,20181211150423,00:00:52,54211,53
22464,ts_analyse.sh,20181211150423,20181211150505,00:00:42,54263,43
22788,ts_addCopy.sh,20181211150558,20181211150558,00:00:00,54358,1
22839,ts_delCopy.sh,20181211150630,20181211150630,00:00:00,54390,1
22879,ts_analyse.sh,20181211150647,20181211150730,00:00:43,54407,44
23175,ts_delPgm.sh,20181211150730,20181211150730,00:00:00,54450,1
23273,bloquerDistr.sh,20181211151134,20181211151216,00:00:42,54694,43
23592,ts_analyseDistr.sh,20181211151221,20181211151251,00:00:30,54741,31
23867,bloquerDistr.sh,20181211151250,20181211151801,00:05:11,54770,312
24111,bloquerDistr.sh,20181211151311,20181211151354,00:00:43,54791,44
24423,ts_analyseDistr.sh,20181211151357,20181211151432,00:00:35,54837,36
24737,ts_addCopy.sh,20181211151432,20181211151432,00:00:00,54872,1
24775,ts_delCopy.sh,20181211151454,20181211151455,00:00:01,54894,2
24820,ts_analyse.sh,20181211151456,20181211151554,00:00:58,54896,59
25222,ts_delPgm.sh,20181211151554,20181211151554,00:00:00,54954,1
25400,ts_analyseDistr.sh,20181211151811,20181211152528,00:07:17,55091,438
25691,bloquerDistr.sh,20181211152004,20181211152055,00:00:51,55204,52
26064,bloquerDistr.sh,20181211152128,20181211152212,00:00:44,55288,45
26772,ts_analyse.sh,20181211152528,20181211152612,00:00:44,55528,45
27112,ts_analyse.sh,20181211152553,20181211152636,00:00:43,55553,44
27363,ts_analyseDistr.sh,20181211152612,20181211152643,00:00:31,55572,32
27751,ts_analyse.sh,20181211152647,20181211152741,00:00:54,55607,55
28020,ts_analyse.sh,20181211152719,20181211152812,00:00:53,55639,54
28386,ts_analyse.sh,20181211152750,20181211152846,00:00:56,55670,57
28766,ts_analyseDistr.sh,20181211152824,20181211153458,00:06:34,55704,395
29071,ts_delCopy.sh,20181211152946,20181211152946,00:00:00,55786,1
29141,bloquerDistr.sh,20181211153021,20181211153101,00:00:40,55821,41
29372,bloquerDistr.sh,20181211153033,20181211153202,00:01:29,55833,90
29541,ts_analyse.sh,20181211153040,20181211153155,00:01:15,55840,76
30070,bloquerDistr.sh,20181211153121,20181211153258,00:01:37,55881,98
30575,ts_analyseDistr.sh,20181211153155,20181211153227,00:00:32,55915,33
31066,ts_delPgm.sh,20181211153227,20181211153227,00:00:00,55947,1
31082,ts_analyse.sh,20181211153227,20181211153355,00:01:28,55947,89
31277,ts_delCopy.sh,20181211153235,20181211153235,00:00:00,55955,1
31294,ts_delPgm.sh,20181211153235,20181211153235,00:00:00,55955,1
31311,ts_analyse.sh,20181211153235,20181211153347,00:01:12,55955,73
32030,ts_analyseDistr.sh,20181211153347,20181211153841,00:04:54,56027,295
32218,ts_addCopy.sh,20181211153355,20181211153355,00:00:00,56035,1
32236,ts_delPgm.sh,20181211153355,20181211153355,00:00:00,56035,1
32254,ts_analyse.sh,20181211153355,20181211153509,00:01:14,56035,75
32458,bloquerDistr.sh,20181211153400,20181211153545,00:01:45,56040,106
607,ts_analyseDistr.sh,20181211153458,20181211153707,00:02:09,56098,130
846,bloquerDistr.sh,20181211153507,20181211153640,00:01:33,56107,94
955,ts_delPgm.sh,20181211153509,20181211153509,00:00:00,56109,1
975,ts_delCopy.sh,20181211153509,20181211153509,00:00:00,56109,1
991,ts_addCopy.sh,20181211153509,20181211153509,00:00:00,56109,1
1028,ts_delCopy.sh,20181211153509,20181211153509,00:00:00,56109,1
1058,ts_addCopy.sh,20181211153509,20181211153509,00:00:00,56109,1
1083,ts_delCopy.sh,20181211153509,20181211153509,00:00:00,56109,1
1104,ts_delCopy.sh,20181211153509,20181211153509,00:00:00,56109,1
1120,ts_addCopy.sh,20181211153509,20181211153509,00:00:00,56109,1
1295,ts_addCopy.sh,20181211153522,20181211153522,00:00:00,56122,1
1436,bloquerDistr.sh,20181211153548,20181211153920,00:03:32,56148,213
1546,ts_analyseDistr.sh,20181211153552,20181211153800,00:02:08,56152,129
2424,ts_delCopy.sh,20181211153707,20181211153707,00:00:00,56227,1
2439,ts_addCopy.sh,20181211153707,20181211153707,00:00:00,56227,1
2458,ts_delCopy.sh,20181211153707,20181211153708,00:00:01,56227,2
2474,ts_addCopy.sh,20181211153708,20181211153708,00:00:00,56228,1
2494,ts_analyseDistr.sh,20181211153708,20181211154059,00:03:51,56228,232
3009,ts_delCopy.sh,20181211153800,20181211153800,00:00:00,56280,1
3024,ts_addCopy.sh,20181211153800,20181211153800,00:00:00,56280,1
3042,ts_delCopy.sh,20181211153800,20181211153800,00:00:00,56280,1
3060,ts_analyse.sh,20181211153800,20181211153904,00:01:04,56280,65
3474,ts_delPgm.sh,20181211153841,20181211153841,00:00:00,56321,1
3556,ts_analyse.sh,20181211153904,20181211154033,00:01:29,56344,90
3817,ts_analyseDistr.sh,20181211153925,20181211154439,00:05:14,56365,315
4069,bloquerDistr.sh,20181211153950,20181211154118,00:01:28,56390,89
4565,ts_analyse.sh,20181211154033,20181211154202,00:01:29,56433,90
4869,ts_delPgm.sh,20181211154059,20181211154059,00:00:00,56459,1
4886,ts_analyse.sh,20181211154059,20181211154209,00:01:10,56459,71
5475,ts_delPgm.sh,20181211154202,20181211154202,00:00:00,56522,1
5492,ts_analyse.sh,20181211154202,20181211154311,00:01:09,56522,70
5682,ts_delPgm.sh,20181211154209,20181211154209,00:00:00,56529,1
5699,ts_analyseDistr.sh,20181211154209,20181211154541,00:03:32,56529,213
6609,ts_analyseDistr.sh,20181211154806,20181211154906,00:01:00,56886,61
7138,ts_analyse.sh,20181211154935,20181211155059,00:01:24,56975,85
7363,ts_analyse.sh,20181211155006,20181211155131,00:01:25,57006,86
7631,ts_delPgm.sh,20181211155038,20181211155038,00:00:00,57038,1
7670,ts_delPgm.sh,20181211155041,20181211155041,00:00:00,57041,1
7857,bloquerDistr.sh,20181211155417,20181211155458,00:00:41,57257,42
8180,ts_analyseDistr.sh,20181211155504,20181211155542,00:00:38,57304,39
8495,bloquerDistr.sh,20181211155548,20181211155627,00:00:39,57348,40
8842,ts_analyseDistr.sh,20181211155634,20181211155712,00:00:38,57394,39
9158,bloquerDistr.sh,20181211155714,20181211155800,00:00:46,57434,47
9342,ts_analyseDistr.sh,20181211155721,20181211160113,00:03:52,57441,233
9541,bloquerDistr.sh,20181211155740,20181211155825,00:00:45,57460,46
9940,ts_analyseDistr.sh,20181211155801,20181211160053,00:02:52,57481,173
10233,ts_analyseDistr.sh,20181211155827,20181211155918,00:00:51,57507,52
11120,bloquerDistr.sh,20181211160031,20181211160116,00:00:45,57631,46
11664,ts_analyseDistr.sh,20181211160118,20181211160154,00:00:36,57678,37
11976,bloquerDistr.sh,20181211160208,20181211160254,00:00:46,57728,47
12289,ts_analyseDistr.sh,20181211160255,20181211160418,00:01:23,57775,84
13001,bloquerDistr.sh,20181211161132,20181211161212,00:00:40,58292,41
13346,ts_analyseDistr.sh,20181211161219,20181211161254,00:00:35,58339,36
13728,ts_addCopy.sh,20181211161559,20181211161559,00:00:00,58559,1
13784,ts_delCopy.sh,20181211161630,20181211161630,00:00:00,58590,1
13824,ts_addCopy.sh,20181211161632,20181211161632,00:00:00,58592,1
13896,ts_delCopy.sh,20181211161703,20181211161703,00:00:00,58623,1
13943,ts_addCopy.sh,20181211161704,20181211161704,00:00:00,58624,1
13984,ts_delCopy.sh,20181211161736,20181211161736,00:00:00,58656,1
14024,ts_addCopy.sh,20181211161737,20181211161737,00:00:00,58657,1
14081,ts_delCopy.sh,20181211161809,20181211161809,00:00:00,58689,1
14354,ts_delPgm.sh,20181211161842,20181211161842,00:00:00,58722,1
14534,bloquerDistr.sh,20181211161913,20181211161950,00:00:37,58753,38
14821,ts_addCopy.sh,20181211161929,20181211161929,00:00:00,58769,1
14866,bloquerDistr.sh,20181211161935,20181211162028,00:00:53,58775,54
15123,ts_analyseDistr.sh,20181211161952,20181211162133,00:01:41,58792,102
15378,ts_addCopy.sh,20181211162000,20181211162000,00:00:00,58800,1
15736,ts_analyseDistr.sh,20181211162030,20181211162145,00:01:15,58830,76
15856,ts_addCopy.sh,20181211162032,20181211162032,00:00:00,58832,1
16094,ts_addCopy.sh,20181211162106,20181211162106,00:00:00,58866,1
16493,ts_addCopy.sh,20181211162138,20181211162138,00:00:00,58898,1
16624,ts_analyseDistr.sh,20181211162150,20181211162628,00:04:38,58910,279
16834,ts_delCopy.sh,20181211162209,20181211162209,00:00:00,58929,1
16877,ts_addCopy.sh,20181211162211,20181211162211,00:00:00,58931,1
16921,bloquerDistr.sh,20181211162211,20181211162327,00:01:16,58931,77
17224,ts_addCopy.sh,20181211162243,20181211162243,00:00:00,58963,1
17303,ts_delCopy.sh,20181211162315,20181211162315,00:00:00,58995,1
17343,ts_addCopy.sh,20181211162316,20181211162316,00:00:00,58996,1
17465,ts_analyseDistr.sh,20181211162333,20181211162707,00:03:34,59013,215
17692,ts_delCopy.sh,20181211162348,20181211162348,00:00:00,59028,1
17743,ts_delCopy.sh,20181211162349,20181211162349,00:00:00,59029,1
17783,ts_addCopy.sh,20181211162351,20181211162351,00:00:00,59031,1
17940,ts_addCopy.sh,20181211162422,20181211162422,00:00:00,59062,1
17984,bloquerDistr.sh,20181211162434,20181211162552,00:01:18,59074,79
18308,ts_analyse.sh,20181211162500,20181211162613,00:01:13,59100,74
18847,ts_delPgm.sh,20181211162533,20181211162533,00:00:00,59133,1
19035,ts_analyseDistr.sh,20181211162555,20181211162720,00:01:25,59155,86
19673,ts_addCopy.sh,20181211162735,20181211162735,00:00:00,59255,1
19725,ts_analyse.sh,20181211162849,20181211162935,00:00:46,59329,47
20078,bloquerDistr.sh,20181211163003,20181211163116,00:01:13,59403,74
20412,ts_analyseDistr.sh,20181211163124,20181211163449,00:03:25,59484,206
20637,bloquerDistr.sh,20181211163313,20181211163521,00:02:08,59593,129
21082,ts_analyseDistr.sh,20181211163535,20181211163834,00:02:59,59735,180
21303,ts_analyseDistr.sh,20181211163624,20181211163757,00:01:33,59784,94
22098,ts_analyse.sh,20181211163808,20181211163857,00:00:49,59888,50
22454,ts_delPgm.sh,20181211163840,20181211163840,00:00:00,59920,1
22494,ts_analyse.sh,20181211163842,20181211164020,00:01:38,59922,99
22741,ts_delPgm.sh,20181211163914,20181211163914,00:00:00,59954,1
22946,bloquerDistr.sh,20181211164549,20181211164626,00:00:37,60349,38
23279,ts_analyseDistr.sh,20181211164628,20181211164807,00:01:39,60388,100
23639,ts_analyse.sh,20181211164722,20181211164843,00:01:21,60442,82
23895,ts_analyse.sh,20181211164755,20181211164903,00:01:08,60475,69
24334,ts_analyse.sh,20181211164923,20181211165011,00:00:48,60563,49
24682,bloquerDistr.sh,20181211165311,20181211165347,00:00:36,60791,37
24987,bloquerDistr.sh,20181211165349,20181211165537,00:01:48,60829,109
25088,ts_analyseDistr.sh,20181211165350,20181211165416,00:00:26,60830,27
25535,ts_addCopy.sh,20181211165420,20181211165420,00:00:00,60860,1
25633,ts_analyse.sh,20181211165458,20181211165551,00:00:53,60898,54
25965,ts_delCopy.sh,20181211165539,20181211165539,00:00:00,60939,1
26010,ts_analyseDistr.sh,20181211165541,20181211165751,00:02:10,60941,131
26109,ts_analyse.sh,20181211165544,20181211165600,00:00:16,60944,17
26479,ts_delPgm.sh,20181211165616,20181211165616,00:00:00,60976,1
26523,ts_addCopy.sh,20181211165618,20181211165618,00:00:00,60978,1
26597,ts_delCopy.sh,20181211165704,20181211165704,00:00:00,61024,1
26684,ts_addCopy.sh,20181211165714,20181211165714,00:00:00,61034,1
26971,ts_analyse.sh,20181211165753,20181211165843,00:00:50,61073,51
27097,bloquerDistr.sh,20181211165754,20181211165943,00:01:49,61074,110
27466,ts_delCopy.sh,20181211165828,20181211165828,00:00:00,61108,1
27600,ts_addCopy.sh,20181211165845,20181211165845,00:00:00,61125,1
27682,ts_analyse.sh,20181211165925,20181211170017,00:00:52,61165,53
27960,bloquerDistr.sh,20181211165945,20181211170024,00:00:39,61185,40
28019,ts_analyseDistr.sh,20181211165946,20181211170341,00:03:55,61186,236
28402,ts_delPgm.sh,20181211165958,20181211165958,00:00:00,61198,1
28445,ts_analyse.sh,20181211165959,20181211170048,00:00:49,61199,50
28832,bloquerDistr.sh,20181211170023,20181211170252,00:02:29,61223,150
28989,ts_analyseDistr.sh,20181211170025,20181211170100,00:00:35,61225,36
29219,ts_analyse.sh,20181211170034,20181211170132,00:00:58,61234,59
29747,ts_analyse.sh,20181211170117,20181211170219,00:01:02,61277,63
29979,bloquerDistr.sh,20181211170128,20181211170245,00:01:17,61288,78
30407,ts_analyse.sh,20181211170153,20181211170300,00:01:07,61313,68
31008,ts_analyseDistr.sh,20181211170250,20181211170442,00:01:52,61370,113
31283,ts_analyseDistr.sh,20181211170300,20181211170538,00:02:38,61380,159
31796,ts_analyse.sh,20181211170340,20181211170446,00:01:06,61420,67
32059,bloquerDistr.sh,20181211170400,20181211170601,00:02:01,61440,122
479,ts_analyseDistr.sh,20181211170606,20181211171458,00:08:52,61566,533
592,bloquerDistr.sh,20181211170608,20181211170653,00:00:45,61568,46
919,bloquerDistr.sh,20181211170619,20181211170744,00:01:25,61579,86
1322,ts_analyseDistr.sh,20181211170655,20181211170751,00:00:56,61615,57
1504,bloquerDistr.sh,20181211170701,20181211170828,00:01:27,61621,88
1749,bloquerDistr.sh,20181211170723,20181211170814,00:00:51,61643,52
2240,ts_analyseDistr.sh,20181211170755,20181211170947,00:01:52,61675,113
2511,ts_analyseDistr.sh,20181211170819,20181211170910,00:00:51,61699,52
2769,ts_analyseDistr.sh,20181211170838,20181211171034,00:01:56,61718,117
3426,bloquerDistr.sh,20181211171007,20181211171058,00:00:51,61807,52
3928,ts_analyseDistr.sh,20181211171103,20181211171343,00:02:40,61863,161
4811,bloquerDistr.sh,20181211171351,20181211171434,00:00:43,62031,44
5139,ts_analyseDistr.sh,20181211171438,20181211171521,00:00:43,62078,44
5625,bloquerDistr.sh,20181211171936,20181211172011,00:00:35,62376,36
5965,ts_analyseDistr.sh,20181211172015,20181211172042,00:00:27,62415,28
6270,bloquerDistr.sh,20181211172048,20181211172128,00:00:40,62448,41
6477,bloquerDistr.sh,20181211172059,20181211172323,00:02:24,62459,145
6796,ts_analyseDistr.sh,20181211172135,20181211172242,00:01:07,62495,68
7357,bloquerDistr.sh,20181211172320,20181211172358,00:00:38,62600,39
7627,ts_analyseDistr.sh,20181211172335,20181211172719,00:03:44,62615,225
7887,ts_analyseDistr.sh,20181211172359,20181211172541,00:01:42,62639,103
8286,bloquerDistr.sh,20181211172518,20181211172603,00:00:45,62718,46
8718,ts_analyseDistr.sh,20181211172605,20181211172643,00:00:38,62765,39
9403,bloquerDistr.sh,20181211172844,20181211172920,00:00:36,62924,37
9722,ts_analyseDistr.sh,20181211172923,20181211172945,00:00:22,62963,23
10026,bloquerDistr.sh,20181211172947,20181211173027,00:00:40,62987,41
10315,ts_analyse.sh,20181211173008,20181211173049,00:00:41,63008,42
10626,ts_analyseDistr.sh,20181211173033,20181211173109,00:00:36,63033,37
10923,bloquerDistr.sh,20181211173105,20181211173235,00:01:30,63065,91
11291,ts_analyseDistr.sh,20181211173241,20181211173452,00:02:11,63161,132
11499,bloquerDistr.sh,20181211173258,20181211173351,00:00:53,63178,54
11914,ts_analyseDistr.sh,20181211173354,20181211173532,00:01:38,63234,99
12445,bloquerDistr.sh,20181211173442,20181211173555,00:01:13,63282,74
13006,ts_analyseDistr.sh,20181211173603,20181211173736,00:01:33,63363,94
13540,ts_analyse.sh,20181211174105,20181211174152,00:00:47,63665,48
13799,ts_delPgm.sh,20181211174145,20181211174145,00:00:00,63705,1
13950,ts_analyse.sh,20181211174612,20181211174703,00:00:51,63972,52
14209,ts_delPgm.sh,20181211174646,20181211174646,00:00:00,64006,1
14324,bloquerDistr.sh,20181211175022,20181211175101,00:00:39,64222,40
14657,ts_analyseDistr.sh,20181211175109,20181211175146,00:00:37,64269,38
14970,bloquerDistr.sh,20181211175207,20181211175246,00:00:39,64327,40
15280,ts_analyseDistr.sh,20181211175254,20181211175331,00:00:37,64374,38
15771,ts_delPgm.sh,20181211180549,20181211180549,00:00:00,65149,1
15887,ts_analyse.sh,20181211181124,20181211181242,00:01:18,65484,79
16207,ts_analyse.sh,20181211181416,20181211181518,00:01:02,65656,63
16481,ts_delPgm.sh,20181211181510,20181211181510,00:00:00,65710,1
16571,ts_analyse.sh,20181211181636,20181211181753,00:01:17,65796,78
17051,ts_analyse.sh,20181211182833,20181211182935,00:01:02,66513,63
17317,ts_delPgm.sh,20181211182927,20181211182927,00:00:00,66567,1
17516,bloquerDistr.sh,20181211183958,20181211184039,00:00:41,67198,42
17856,ts_analyseDistr.sh,20181211184044,20181211184121,00:00:37,67244,38
18099,bloquerDistr.sh,20181211184111,20181211184256,00:01:45,67271,106
18501,ts_analyseDistr.sh,20181211184302,20181211184515,00:02:13,67382,134
18603,ts_analyse.sh,20181211184305,20181211184410,00:01:05,67385,66
18964,ts_delPgm.sh,20181211184351,20181211184352,00:00:01,67431,2
19701,bloquerDistr.sh,20181211190937,20181211191017,00:00:40,68977,41
20031,ts_analyseDistr.sh,20181211191024,20181211191059,00:00:35,69024,36
20581,bloquerDistr.sh,20181211192950,20181211193040,00:00:50,70190,51
20922,ts_analyseDistr.sh,20181211193047,20181211193155,00:01:08,70247,69
21462,bloquerDistr.sh,20181211193221,20181211193303,00:00:42,70341,43
21801,ts_analyseDistr.sh,20181211193308,20181211193348,00:00:40,70388,41
22182,ts_delPgm.sh,20181211193802,20181211193802,00:00:00,70682,1
22232,ts_analyse.sh,20181211193949,20181211194050,00:01:01,70789,62
22481,ts_delPgm.sh,20181211194022,20181211194022,00:00:00,70822,1
